{
    "deflections": {
        "AX": 150.0,
        "CDD": 130.0,
        "H1": 0.0,
        "H2": 0.0,
        "L1": 252.380952380952,
        "L2": 600.0
    },
    "gains": {
        "AX": 1.0,
        "CDD": 0.0,
        "H1": 1.0,
        "H2": 1.0,
        "L1": 1.0,
        "L2": 1.0
    },
    "spectrometer": {
        "ElectronEnergy": 72.6606848562534,
        "ExtractionLens": 12.7472527472527,
        "HV": 4.49994659342336,
        "IonCounterVoltage": 0.0,
        "IonRepeller": -3.72424908424908,
        "YSymmetry": -7.78998778998779,
        "ZSymmetry": 11.0622710622711
    }
}